split,conversation_id,n_turns
train,1,9
train,10,78
train,101,62
train,103,4
train,106,94
train,107,46
train,109,10
train,11,28
train,110,26
train,111,15
train,112,29
train,113,23
train,115,16
train,117,25
train,118,14
train,119,24
train,12,11
train,121,53
train,122,51
train,123,40
train,125,13
train,128,19
train,13,18
train,130,9
train,131,21
train,134,16
train,135,121
train,139,156
train,14,101
train,141,220
train,143,55
train,146,68
train,147,62
train,149,93
train,15,69
train,150,104
train,151,54
train,152,89
train,155,84
train,156,74
train,160,49
train,161,137
train,162,97
train,163,115
train,165,45
train,167,54
train,168,70
train,169,77
train,17,114
train,170,41
train,171,50
train,173,197
train,174,134
train,18,70
train,192,106
train,195,75
train,197,35
train,199,48
train,20,79
train,203,65
train,204,48
train,205,79
train,206,72
train,207,95
train,208,86
train,209,117
train,21,94
train,22,49
train,24,100
train,25,91
train,26,136
train,27,62
train,28,71
train,29,77
train,3,60
train,30,57
train,32,57
train,33,45
train,34,12
train,35,75
train,36,65
train,37,52
train,42,34
train,43,83
train,44,19
train,45,65
train,47,74
train,48,48
train,49,80
train,5,54
train,50,52
train,53,72
train,54,103
train,55,13
train,56,41
train,57,109
train,58,50
train,6,54
train,60,57
train,61,42
train,63,72
train,64,173
train,65,66
train,66,32
train,67,54
train,68,49
train,7,71
train,70,91
train,73,45
train,74,8
train,76,59
train,78,26
train,8,175
train,80,47
train,83,69
train,84,70
train,85,78
train,87,46
train,88,43
train,89,22
train,90,60
train,91,66
train,93,50
train,94,83
train,95,44
train,96,66
train,98,34
train,99,45
val,102,51
val,116,50
val,126,29
val,127,30
val,133,20
val,148,80
val,153,55
val,154,70
val,157,89
val,16,50
val,19,81
val,198,72
val,201,128
val,214,18
val,40,63
val,46,48
val,69,80
val,71,76
val,72,27
val,75,54
val,81,20
test,100,22
test,104,17
test,105,57
test,108,18
test,114,17
test,124,28
test,129,74
test,132,17
test,136,25
test,137,49
test,138,23
test,142,56
test,144,152
test,145,211
test,158,46
test,159,109
test,166,14
test,172,83
test,176,72
test,185,25
test,186,90
test,189,13
test,191,84
test,2,14
test,23,22
test,31,58
test,38,64
test,39,68
test,4,39
test,41,23
test,51,39
test,52,81
test,59,25
test,79,22
test,82,67
test,86,38
test,9,68
test,92,54
test,97,26
