split,pandas_index,file_order,raw_id,id_status,speaker,utterance,emotion,reason
train,4353,4353,0,malformed,T,"Hello, Judy Thomas. ",Neutral,missing_or_malformed_id_not_safely_repairable
train,4354,4354,1,malformed,P,Yes. Hi.,Neutral,missing_or_malformed_id_not_safely_repairable
train,4355,4355,2,malformed,T,"Hello there. My name is Dr. Beji. I'm one of the new GP in the practice. And I'm seeing you today instead of Dr. Jones, who's your usual GP?",Neutral,missing_or_malformed_id_not_safely_repairable
train,4356,4356,3,malformed,P,"Yes, he is. Yeah. ",Neutral,missing_or_malformed_id_not_safely_repairable
train,4357,4357,4,malformed,T,"First of all, what would you like me to call you? ",Neutral,missing_or_malformed_id_not_safely_repairable
train,4358,4358,5,malformed,P,"Oh, Julie os fine. ",Neutral,missing_or_malformed_id_not_safely_repairable
train,4359,4359,6,malformed,T,"Okay. Okay. But Julie, so what is it that's bought you to see me today?",Neutral,missing_or_malformed_id_not_safely_repairable
train,4360,4360,7,malformed,P,"Well, it's the same thing that I see Dr. Jones about as my heart. ",Sadness,missing_or_malformed_id_not_safely_repairable
train,4361,4361,8,malformed,T,"Yeah, I understand that you've been in to see him a few times over the last few months. Would you mind if I asked you to go over again what the problem is perhaps in your own words, so that I get an understanding of it. ",Neutral,missing_or_malformed_id_not_safely_repairable
train,4362,4362,9,malformed,P,"I just I keep getting these situations where my heart starts to really, really race like, boom, boom, boom, boom, boom, boom, boom, boom, boom. I get chest pains. I can't catch my breath and it's making me feel funny talking to you about And so my heart starts to race. I can't get my breath and I get chest pain. I  get very afraid. I'm gonna have to die",Scared,missing_or_malformed_id_not_safely_repairable
train,4363,4363,10,malformed,T,and you're feeling a little bit anxious just here with me.,Neutral,missing_or_malformed_id_not_safely_repairable
train,4364,4364,11,malformed,P,Yeah I am just talking about it. I can feel it starting to come up.,Scared,missing_or_malformed_id_not_safely_repairable
train,4365,4365,12,malformed,T,Take your time. Okay. So your heart starts to race really beats really fast and you feel like you can't catch your breath.,Neutral,missing_or_malformed_id_not_safely_repairable
train,4366,4366,13,malformed,P,"Yeah, that's exactly it. Yes. Yeah.",Scared,missing_or_malformed_id_not_safely_repairable
train,4367,4367,14,malformed,T,How long has all this been going on for Julie?,Neutral,missing_or_malformed_id_not_safely_repairable
train,4368,4368,15,malformed,P,"I think it's probably about six months, basically. ",Neutral,missing_or_malformed_id_not_safely_repairable
train,4369,4369,16,malformed,T,Okay. And can you remember what happened to start it all off?,Neutral,missing_or_malformed_id_not_safely_repairable
train,4370,4370,17,malformed,P,"Well, I think we have had some problems at work. And I felt more stressed about work than I normally do. And basically, I was just trying to get into town one day on a day off and it was very hot, very funny, hot days and it just happened. My heart just started. to race and race and race and I couldn't get my breath, I was just like gasping for breath. Then I start to get chest pains and it was just awful. And I managed to sit down and call my husband and he, he came out, he actually left work to come and get me. ",Scared,missing_or_malformed_id_not_safely_repairable
train,4371,4371,18,malformed,T,Right. So that sounds like quite an unpleasant experience.,Neutral,missing_or_malformed_id_not_safely_repairable
train,4372,4372,19,malformed,P,"Its was awful It frightenining, yeah",Scared,missing_or_malformed_id_not_safely_repairable
train,4373,4373,20,malformed,T,"and when that was happening to Julie, when you're in the middle of town, what was it that you thought was going on? ",Neutral,missing_or_malformed_id_not_safely_repairable
train,4374,4374,21,malformed,P,I thought I was having a heart attack I'm so afraid that that's is what's happening.,Scared,missing_or_malformed_id_not_safely_repairable
train,4375,4375,22,malformed,T,Right Okay.,Neutral,missing_or_malformed_id_not_safely_repairable
train,4376,4376,23,malformed,P,"So you know, start to try to avoid situations where I might get like that they see ya. ",Sadness,missing_or_malformed_id_not_safely_repairable
train,4377,4377,24,malformed,T,So what kind of things are you finding yourself avoiding?,Neutral,missing_or_malformed_id_not_safely_repairable
train,4378,4378,25,malformed,P,I can't get into town now without my husband taking me My husband has to take me to from work. And then I also thought I shouldn't do anything to put any strain on my heart at all. So I don't do much exercise or anything at the moment or other things as well,Sadness,missing_or_malformed_id_not_safely_repairable
train,4379,4379,26,malformed,T,"and other things, what sort of things you are not doing?",Neutral,missing_or_malformed_id_not_safely_repairable
train,4380,4380,27,malformed,P,"personal things, personal things. ",Sadness,missing_or_malformed_id_not_safely_repairable
train,4381,4381,28,malformed,T,Okay. I guess I'm wondering if you're talking about your sex life there.,Neutral,missing_or_malformed_id_not_safely_repairable
train,4382,4382,29,malformed,P,Yeah.,Sadness,missing_or_malformed_id_not_safely_repairable
train,4383,4383,30,malformed,T,Right.,Neutral,missing_or_malformed_id_not_safely_repairable
train,4384,4384,31,malformed,P,"Now I just feel, you know that I shouldn't do anything like that, because it just might put too much strain on me.",Sadness,missing_or_malformed_id_not_safely_repairable
train,4385,4385,32,malformed,T,So you're avoiding sex in case that puts your heart rate up.,Neutral,missing_or_malformed_id_not_safely_repairable
train,4386,4386,33,malformed,P,yeah yeah,Neutral,missing_or_malformed_id_not_safely_repairable
train,4387,4387,34,malformed,T,"Okay, How's that affecting things between you and your husband?",Neutral,missing_or_malformed_id_not_safely_repairable
train,4388,4388,35,malformed,P,"My husband's getting really fed up with it to be honest. He's been really, really kind and really supportive. But I think it's starting to affect his life quite a lot now. So he wanted me to go to the pub last week and absolutely promised that I would, because I've begun to stop wanting to go out because I'm so afraid it's gonna happen. I promised and promised him I go to the pub. And then when it came to it, I just couldn't. I just sat on the sofa and it started happening again. And then I was worried that if I went to the pub, I'd actually like get ill in the pub. And then it's really embarrassing for everybody. So just that I couldn't go in, and I think he's getting a bit To the end of his tetanus because it just seems to come out of the blue. And I've never suffered from anything like this before.","Scared, Sadness",missing_or_malformed_id_not_safely_repairable
train,4389,4389,36,malformed,T,It sounds like he's getting to the end of his tether because it also sounds like you're pretty fed up with the whole thing as well. Julie,Neutral,missing_or_malformed_id_not_safely_repairable
train,4390,4390,37,malformed,P,"Yeah, right. Yeah, yeah. ",Annoyance,missing_or_malformed_id_not_safely_repairable
train,4391,4391,38,malformed,T,"So just so that I've got the story straight. This all began about six months ago. Before that, had you had anything like this? ",Neutral,missing_or_malformed_id_not_safely_repairable
train,4392,4392,39,malformed,P,"No, not at all. I mean, I think we had a new manager at work, I work in a bank only and then we had a new computer system put in and so it became very much stressful for all the staff not just me. And that's I can sort of see that I was in a lot more pressure and that could be affecting me.",Sadness,missing_or_malformed_id_not_safely_repairable
train,4393,4393,40,malformed,T,"So just to make sure I've got the right the right way around. It began six months ago, pressure at work went to town you had the first of these attacks. And then since then you've had some more and now it's kind of got to the point that you don't want to go out to don't get to town by yourself. ",Neutral,missing_or_malformed_id_not_safely_repairable
train,4394,4394,41,malformed,P,"No, I don't want to risk it to be honest. ",Scared,missing_or_malformed_id_not_safely_repairable
train,4395,4395,42,malformed,T,"You know, you don't go to the pub, not socializing like you used to and you avoiding things like exercise and things like sex and having a bit of a taking its toll on your relationship. ",Neutral,missing_or_malformed_id_not_safely_repairable
train,4396,4396,43,malformed,P,Yeah yeah yeah.,Sadness,missing_or_malformed_id_not_safely_repairable
train,4397,4397,44,malformed,T,"Okay. Okay. And looking at your I know, you've had an ECG, Dr. Jones, organized for you a couple of months ago. ",Neutral,missing_or_malformed_id_not_safely_repairable
train,4398,4398,45,malformed,P,Yeah,Neutral,missing_or_malformed_id_not_safely_repairable
train,4399,4399,46,malformed,T,What have you been told about the results of that?,Neutral,missing_or_malformed_id_not_safely_repairable
train,4400,4400,47,malformed,P,"Well Dr. Jones said that it was okay. And there were no problems. And, you know, I did feel relief, you know, because, obviously, there's been events in my family, my dad died of one, you know, 72. So I'm thinking it must be my heart. There must be something wrong with it right now. It did feel pleased when Dr. Jones said that. But on the other hand, nothing's changed. You know, I'm still getting exactly the same problems. Nothing, you know, not getting any help with it. I just feel a bit like well, so I haven't got a bad heart according to the experts, but I'm still getting all the same symptoms you kow worse and worse.","Confusion, Annoyance",missing_or_malformed_id_not_safely_repairable
train,4401,4401,48,malformed,T,"So even though the your GP told you there's no, there's nothing to worry about with your heart. Do you still worry that There might be something wrong with your heart?",Neutral,missing_or_malformed_id_not_safely_repairable
train,4402,4402,49,malformed,P,I can't understand it. What do you think of Dr. Julia?,Confusion,missing_or_malformed_id_not_safely_repairable
train,4403,4403,50,malformed,T,"I think I agree with Dr. Jones. I don't think there is anything wrong with your heart. The reason I say that is that you've had an ECG, which has come back perfectly normal. And usually if there was a problem with the heart the ECG would pick something up. Also, you've got none of the risk factors really for heart disease, because you you don't smoke, your blood pressure, from what I can gather from you notes has always been fine. You're fairly young. Before this, you were pretty fit and active. And also, I know you're worried about your dad having had a heart attack, but actually, he was a lot older than you are. And so you're not really in the same risk sort of bracket as he would have been. ",Neutral,missing_or_malformed_id_not_safely_repairable
train,4404,4404,51,malformed,P,Right.,Confusion,missing_or_malformed_id_not_safely_repairable
train,4405,4405,52,malformed,T,"So I don't think that there is a problem with your heart. I guess what I'm what Is weather actually, what's going on is a little bit more what Dr. Jones thought weather actually this, this might be the anxiety that's giving you a lot of these symptoms. Have you ever thought it might be that rather than a heart problem?",Neutral,missing_or_malformed_id_not_safely_repairable
train,4406,4406,53,malformed,P,"I think I've been thinking more recently, it could be because my friend has like panic attacks. I've discussed it with her and she said, to be honest, it just sounds like that. I've always thought it was my heart. And what I can't understand is how my brain is making my heart start racing like it is. ",Scared,missing_or_malformed_id_not_safely_repairable
train,4407,4407,54,malformed,T,It's right. Okay. Has anyone explained to about anxiety and panic attacks?,Neutral,missing_or_malformed_id_not_safely_repairable
train,4408,4408,55,malformed,P,I don't really know.,Neutral,missing_or_malformed_id_not_safely_repairable
train,4409,4409,56,malformed,T,"Okay, well, perhaps it would be helpful to sort of hear a little bit more about that. What we have on top of our kidneys is two little glands and they called our adrenal glands. ",Neutral,missing_or_malformed_id_not_safely_repairable
train,4410,4410,57,malformed,P,Right.,Neutral,missing_or_malformed_id_not_safely_repairable
train,4411,4411,58,malformed,T,And they produce a hormone called adrenalin. Have you heard of that?,Neutral,missing_or_malformed_id_not_safely_repairable
train,4412,4412,59,malformed,P," Yes, I have heard of that",Neutral,missing_or_malformed_id_not_safely_repairable
train,4413,4413,60,malformed,T,okay. And what adrenalin does is it prepares us for situations of fight or flight? Is that a term you perhaps remember from biology at school?,Neutral,missing_or_malformed_id_not_safely_repairable
train,4414,4414,61,malformed,P,I do. I do. Yeah. I Do,Neutral,missing_or_malformed_id_not_safely_repairable
train,4415,4415,62,malformed,T,you remember what we mean by fight or flies?,Neutral,missing_or_malformed_id_not_safely_repairable
train,4416,4416,63,malformed,P,"I think like, if you're in a scary situation, you fight or you run away, basically your body sort of triggers that.",Neutral,missing_or_malformed_id_not_safely_repairable
train,4417,4417,64,malformed,T,Yeah,Neutral,missing_or_malformed_id_not_safely_repairable
train,4418,4418,65,malformed,P,to do it.,Neutral,missing_or_malformed_id_not_safely_repairable
train,4419,4419,66,malformed,T,"Yes, exactly. It's what's released to allow you to do the flight or fight response in the adrenaline. So when your body needs to get ready to do something, it's surges out a load of adrenaline, and the adrenaline basically gets you ready for action. ",Neutral,missing_or_malformed_id_not_safely_repairable
train,4420,4420,67,malformed,P,Right.,Neutral,missing_or_malformed_id_not_safely_repairable
train,4421,4421,68,malformed,T,"So it does things like it puts your heart rate up, it makes your breathing speed up, you're ready to run. It can sometimes make people feel as though their mouth is dry. It can sometimes make people feel a bit lightheaded. But those are the kinds of symptoms that you can get.",Neutral,missing_or_malformed_id_not_safely_repairable
train,4422,4422,69,malformed,P,All of those actually Okay.,Neutral,missing_or_malformed_id_not_safely_repairable
train,4423,4423,70,malformed,T,"What often happens with people with panic is that the first time that happens the first adrenaline release Out of the blue, perhaps at times of stress, and you mentioned that there was stuff going on at work, and you're feeling a bit stressed out and you're in town, it was a bit hot. So that may have been what was behind that very first panic attack. What happens to people is that once they've had one panic attack, they go on to have more. ",Neutral,missing_or_malformed_id_not_safely_repairable
train,4424,4424,71,malformed,P,Hmm.,Neutral,missing_or_malformed_id_not_safely_repairable
train,4425,4425,72,malformed,T,"And the reason for that is that once you've had something like that happen to you, you're kind of there thinking, Oh, will this happen again? ",Neutral,missing_or_malformed_id_not_safely_repairable
train,4426,4426,73,malformed,P,"Is that something that you are Absolutely sure. I have started to really monitor my heart And when it starts to race, I start to get worried. And then it starts getting faster and faster So it does feel that's",Scared,missing_or_malformed_id_not_safely_repairable
train,4427,4427,74,malformed,T,"Yeah, you describing it Exactly. Julie, that's what we call hyper vigilance. So you they're kind of keeping a bit of an eye on your heart. And for most of us, our heart rate will go up and down all through the day, but most of us don't worry about it, because we don't notice it. ",Neutral,missing_or_malformed_id_not_safely_repairable
train,4428,4428,75,malformed,P,Right.,Neutral,missing_or_malformed_id_not_safely_repairable
train,4429,4429,76,malformed,T,"But because you've had a panic attack you they're thinking, What's my heart doing? ",Neutral,missing_or_malformed_id_not_safely_repairable
train,4430,4430,77,malformed,P,Yeah.,Neutral,missing_or_malformed_id_not_safely_repairable
train,4431,4431,78,malformed,T,"And then the minute it starts to change, you clock it You notice it, and then you start to get anxious thoughts, you might worry And",Neutral,missing_or_malformed_id_not_safely_repairable
train,4432,4432,79,malformed,P,"I really start worrying, thinking thinking, is it going to be now? You know, is my heart gonna stop beating",Scared,missing_or_malformed_id_not_safely_repairable
train,4433,4433,80,malformed,T,"Right, So you get those kinds of anxious and they're very frightening, because you're thinking, Oh, my goodness me could my heart's on that makes you even more anxious, and that causes even more adrenalin to be released. ",Neutral,missing_or_malformed_id_not_safely_repairable
train,4434,4434,81,malformed,P,Right,Neutral,missing_or_malformed_id_not_safely_repairable
train,4435,4435,82,malformed,T,And that makes the symptoms even more pronounced. And then that makes you believe even more that there's something wrong with you. Does that make sense to what might be happening?,Neutral,missing_or_malformed_id_not_safely_repairable
train,4436,4436,83,malformed,P,It does make sense doctor,Neutral,missing_or_malformed_id_not_safely_repairable
train,4437,4437,84,malformed,T,"One of the things that you have been doing, which is something that a lot of people with anxiety do is that you've started to, to avoid doing things that trigger it off. ",Neutral,missing_or_malformed_id_not_safely_repairable
train,4438,4438,85,malformed,P,"Yeah, like not walking to town or anything like that anymore. ",Sadness,missing_or_malformed_id_not_safely_repairable
train,4439,4439,86,malformed,T,"Exactly. And whilst in the short term that sort of alleviates your symptoms, because you don't have to get panicky, what's happening is that the more you avoid doing things, the less likely you are to ever get round to finding out whether or not anything awful, really happens. ",Neutral,missing_or_malformed_id_not_safely_repairable
train,4440,4440,87,malformed,P,Right yeah.,Neutral,missing_or_malformed_id_not_safely_repairable
train,4441,4441,88,malformed,T,Does that make sense?,Neutral,missing_or_malformed_id_not_safely_repairable
train,4442,4442,89,malformed,P,It Does. it just makes sense,Neutral,missing_or_malformed_id_not_safely_repairable
train,4443,4443,90,malformed,T,"Well, if we all started to tackle this as if it was an anxiety problem, there are a number of approaches, we can think about tablets. And we're gonna think about other kind of talking approaches. There are pros and cons to those and side effects and things that we need to discuss. So I'm just slightly watchful of the time, we seem to be coming to the end of today's session for the appointment, but all right, well, I wonder is whether we should meet again, perhaps next week, and look again, more carefully at some of the treatment options and think together about which might suit you best. ",Neutral,missing_or_malformed_id_not_safely_repairable
train,4444,4444,91,malformed,P,Okay,Neutral,missing_or_malformed_id_not_safely_repairable
train,4445,4445,92,malformed,T,how would that sound?,Neutral,missing_or_malformed_id_not_safely_repairable
train,4446,4446,93,malformed,P,"You know, that's fine. That's fine. ",Trust,missing_or_malformed_id_not_safely_repairable
train,4447,4447,94,malformed,T,Any other questions before we end this session,Neutral,missing_or_malformed_id_not_safely_repairable
train,4448,4448,95,malformed,P,"No, I will make an appointment to see you next week",Trust,missing_or_malformed_id_not_safely_repairable
train,4449,4449,96,malformed,T,I'll see you next week.,Neutral,missing_or_malformed_id_not_safely_repairable
train,4450,4450,97,malformed,P,"Okay, thank you, doctor. ",Neutral,missing_or_malformed_id_not_safely_repairable
train,4451,4451,98,malformed,T,Pleasure. All right.,Neutral,missing_or_malformed_id_not_safely_repairable
train,4452,4452,99,malformed,P,Bye bye.,Neutral,missing_or_malformed_id_not_safely_repairable
train,4453,4453,,missing,T,"Hi, Miss Jones. ",Neutral,missing_or_malformed_id_not_safely_repairable
train,4454,4454,,missing,P,Yes,Neutral,missing_or_malformed_id_not_safely_repairable
train,4455,4455,,missing,T,I'm Jane Corona. I'm a medical student with university here,Neutral,missing_or_malformed_id_not_safely_repairable
train,4456,4456,,missing,P,Nice to meet you,Neutral,missing_or_malformed_id_not_safely_repairable
train,4457,4457,,missing,T,I've been sitting by Dr. Smith is part of our treating as a medical student to do an interview with you. Okay. And then I'll take that information back to Dr. Smith And then she will come back in and see you then after that,Neutral,missing_or_malformed_id_not_safely_repairable
train,4458,4458,,missing,P,okay.,Neutral,missing_or_malformed_id_not_safely_repairable
train,4459,4459,,missing,T,All right. How may I address you?,Neutral,missing_or_malformed_id_not_safely_repairable
train,4460,4460,,missing,P,Mrs. Jones is fine.,Neutral,missing_or_malformed_id_not_safely_repairable
train,4461,4461,,missing,T,"All right. Thank you. Um, is that okay with you today to talk?",Neutral,missing_or_malformed_id_not_safely_repairable
train,4462,4462,,missing,P,"Yes. Okay, fine, thank you.",Neutral,missing_or_malformed_id_not_safely_repairable
train,4463,4463,,missing,T,I'm going to start out today by just talking a little bit with you about your chief complaint What brings you here today?,Neutral,missing_or_malformed_id_not_safely_repairable
train,4464,4464,,missing,P,"Sure, my left elbow is actually been bugging me a lot. Every once in a while, I've been getting a little bit of pain, extending my arm and going back to bending it. Really, that's the primary reason I've come in I've attempted to take a little bit To Tylenol to relieve the pain but it's not really seemed to help much. ",Sadness,missing_or_malformed_id_not_safely_repairable
train,4465,4465,,missing,T,"Okay, before we talk a little bit more about that, is there anything else that you want to talk with either me or Dr. Smith today?",Neutral,missing_or_malformed_id_not_safely_repairable
train,4466,4466,,missing,P,Not that I can think of no.,Neutral,missing_or_malformed_id_not_safely_repairable
train,4467,4467,,missing,T,Okay. Tell me more about this pain.,Neutral,missing_or_malformed_id_not_safely_repairable
train,4468,4468,,missing,P,"Um, it's just kind of a throbbing pain, it'll act up kind of randomly throughout the day. It doesn't it's not specific to, you know, the morning or evening, or even in the middle of the day or night. It just kind of randomly acts up. I would say excessively, like when I'm doing work, like after the dishes will start to act up. If I, you know, lift one of my children up, it'll start to act up. So any sort of exertion is kind of where I've noticed a lot of the pain coming from",Sadness,missing_or_malformed_id_not_safely_repairable
train,4469,4469,,missing,T,and tell me when did it start for you?,Neutral,missing_or_malformed_id_not_safely_repairable
train,4470,4470,,missing,P,I would say every about maybe a week and a half to two weeks ago.,Sadness,missing_or_malformed_id_not_safely_repairable
train,4471,4471,,missing,T,And you describe the pain is throbbing. Is there anything else about the pain in terms of the quality of the pain that you want to describe for me?,Neutral,missing_or_malformed_id_not_safely_repairable
train,4472,4472,,missing,P,No Just really throbbing,Sadness,missing_or_malformed_id_not_safely_repairable
train,4473,4473,,missing,T,"okay, started about a week to two weeks ago. Okay. And do you recall what you were doing at the time that it started?",Neutral,missing_or_malformed_id_not_safely_repairable
train,4474,4474,,missing,P,"I've been helping my husband clean out the garage lately, and we were lifting some boxes. And that's kind of I didn't notice it at the moment, but later in the evening, started to act up. ",Sadness,missing_or_malformed_id_not_safely_repairable
train,4475,4475,,missing,T,"Okay. Umm I would like to hear about a little bit about the severity of it on a pain scale of one to 10, 10 being the worst pain you've ever had one or zero being no pain at this, How bad is this pain?",Neutral,missing_or_malformed_id_not_safely_repairable
train,4476,4476,,missing,P,I would measure it probably six or seven. It's become more of a nuisance than an actual physical pain.,Annoyance,missing_or_malformed_id_not_safely_repairable
train,4477,4477,,missing,T,Okay. And is it a six or seven all the time?,Neutral,missing_or_malformed_id_not_safely_repairable
train,4478,4478,,missing,P,"Um, whenever it starts to act up, yes. ",Sadness,missing_or_malformed_id_not_safely_repairable
train,4479,4479,,missing,T,Okay. And how often a day does that happen?,Neutral,missing_or_malformed_id_not_safely_repairable
train,4480,4480,,missing,P,I would say maybe two to three times per day.,Neutral,missing_or_malformed_id_not_safely_repairable
train,4481,4481,,missing,T,Do you notice any pattern to that at all?,Neutral,missing_or_malformed_id_not_safely_repairable
train,4482,4482,,missing,P,No.,Neutral,missing_or_malformed_id_not_safely_repairable
train,4483,4483,,missing,T,Okay. All righty. And can you point exactly to Where it is for me the location exactly?,Neutral,missing_or_malformed_id_not_safely_repairable
train,4484,4484,,missing,P,Kind of the area that just kind of wraps around the actual elbow than it is really bothering me.,Annoyance,missing_or_malformed_id_not_safely_repairable
train,4485,4485,,missing,T,And does that pain go up your arm or down your arm or anywhere else on your arm?,Neutral,missing_or_malformed_id_not_safely_repairable
train,4486,4486,,missing,P,No It stays right in that area.,Neutral,missing_or_malformed_id_not_safely_repairable
train,4487,4487,,missing,T,Is there anything else that goes on at the same time? Any other symptoms that happen anything else other than when the pain is happening there anything else going on for you?,Neutral,missing_or_malformed_id_not_safely_repairable
train,4488,4488,,missing,P,"Not that I've noticed, No.",Neutral,missing_or_malformed_id_not_safely_repairable
train,4489,4489,,missing,T,Is there anything that makes it feel better?,Neutral,missing_or_malformed_id_not_safely_repairable
train,4490,4490,,missing,P,"Um, nothing that completely gets rid of it. I will relieve it for a temporary period of time. But it hasn't gotten rid of it.",Sadness,missing_or_malformed_id_not_safely_repairable
train,4491,4491,,missing,T,And how much time it will do take?,Neutral,missing_or_malformed_id_not_safely_repairable
train,4492,4492,,missing,P,I whatever it says on the bottle usually wanted to tablet,Neutral,missing_or_malformed_id_not_safely_repairable
train,4493,4493,,missing,T,is that regular strength or extra strength?,Neutral,missing_or_malformed_id_not_safely_repairable
train,4494,4494,,missing,P,regular strength.,Neutral,missing_or_malformed_id_not_safely_repairable
train,4495,4495,,missing,T,You just take it across the counter to normal directions on the bottom.,Neutral,missing_or_malformed_id_not_safely_repairable
train,4496,4496,,missing,P,correct,Neutral,missing_or_malformed_id_not_safely_repairable
train,4497,4497,,missing,T,Okay. And does anything make it worse?,Neutral,missing_or_malformed_id_not_safely_repairable
train,4498,4498,,missing,P,"Um, like you mentioned any sort of exertion, picking up a child doing the dishes, pretty much daily kind of living. ",Neutral,missing_or_malformed_id_not_safely_repairable
train,4499,4499,,missing,T,So using it.,Neutral,missing_or_malformed_id_not_safely_repairable
train,4500,4500,,missing,P,Yes.,Neutral,missing_or_malformed_id_not_safely_repairable
train,4501,4501,,missing,T,Have you seen anybody else for this complaint?,Neutral,missing_or_malformed_id_not_safely_repairable
train,4502,4502,,missing,P,"Um, no. ",Neutral,missing_or_malformed_id_not_safely_repairable
train,4503,4503,,missing,T,Have you What else have you tried other than the Tylenol and anything else?,Neutral,missing_or_malformed_id_not_safely_repairable
train,4504,4504,,missing,P,"Um, I've attempted to use a heating pad on it. And I've also attempted ice. Neither were successful. ",Sadness,missing_or_malformed_id_not_safely_repairable
train,4505,4505,,missing,T,"Okay. It sounds you've talked a little bit about how it's impacted, you know, you to be able to work in the garage or do the dishes or lift your child is there Other impact on your life,",Neutral,missing_or_malformed_id_not_safely_repairable
train,4506,4506,,missing,P,Umm like I mentioned is more of a nuisance. There'll be times in the middle of the night that will start to act up. If I get up to go to the bathroom. I'll notice pain in my elbow.,Annoyance,missing_or_malformed_id_not_safely_repairable
train,4507,4507,,missing,T,Does it wake you up at night?,Neutral,missing_or_malformed_id_not_safely_repairable
train,4508,4508,,missing,P,"It doesn't, but if I wake up in the middle of the night Well, trouble me and falling back asleep. ",Annoyance,missing_or_malformed_id_not_safely_repairable
train,4509,4509,,missing,T,Okay.  What do you think it is?,Neutral,missing_or_malformed_id_not_safely_repairable
train,4510,4510,,missing,P,"Um, I'm not quite sure my best guess is maybe some sort of pulled muscle or something. But I honestly don't know.",Confusion,missing_or_malformed_id_not_safely_repairable
train,4511,4511,,missing,T,"All right. What I'd like to do now is just kind of go through all the things that you told me and summarize for you. This is information that I want to take that but I want to make sure that I have it all correct. So if I've forgotten something, or I've gotten something incorrect, please, please help me. ",Neutral,missing_or_malformed_id_not_safely_repairable
train,4512,4512,,missing,P,Okay.,Neutral,missing_or_malformed_id_not_safely_repairable
train,4513,4513,,missing,T,"You came to the clinic today for a complaint of left elbow pain, and it's pain that you mostly noticed when you were bending it or using it in some capacity. It's a throbbing pain that happens randomly, but it does happen two to three times during the day, which you notice about is if you exert or you extend or flex your elbow at all, that's when it seems to be at its worst. It's gone on for about a week, maybe two, two weeks when you think back on it, and it started out when you were helping your husband clean the garage and you were lifting locks of boxes. So about a six to seven on a pain scale. And you describe it over and over as being a nuisance, which tells me that it's getting kind of in the way of doing some things that you want to you report that it happens probably two to three times a day, and that the pain wraps around the joint. Completely, you've taken some Tylenol for it across the counter, you've taken that several times a day now with without much relief",Neutral,missing_or_malformed_id_not_safely_repairable
train,4514,4514,,missing,P,right,Neutral,missing_or_malformed_id_not_safely_repairable
train,4515,4515,,missing,T,"that it hasn't helped much. You've also tried a heating pad, you've tried some ice, that hasn't really helped either too much. It sounds like you know, again, you kept referring to it as an as a nuisance. It's just kind of getting in the way of your daily activities. It Doesn't necessarily keep you up at night. But you do notice it at night when you wake up that it's still going on for you. So sleep doesn't seem to help much. And that what you mostly think this could be is a pulled muscle of some type. Is there anything I forgotten or that you wanted to tell me about this?",Neutral,missing_or_malformed_id_not_safely_repairable
train,4516,4516,,missing,P,I'm not that I can think of no.,Neutral,missing_or_malformed_id_not_safely_repairable
train,4517,4517,,missing,T,Thank you for telling me about your chief concerns. So I'm going to take it back to Dr. Smith.,Neutral,missing_or_malformed_id_not_safely_repairable
train,4518,4518,,missing,P,Thank you very much.,Neutral,missing_or_malformed_id_not_safely_repairable
